Scan,Time,ACF,202p,202p,202p,202p,,204p,204p,204p,204p,,206p,206p,206p,206p,206a,206a,206a,206a,,207p,207p,207p,207p,207a,207a,207a,207a,,208p,208p,208p,208p,208a,208a,208a,208a,,232p,232p,232p,232p,232a,232a,232a,232a,,238p,238p,238p,238p,238a,238a,238a,238a,
1,1442951545.326000,51.843750,774.0,1355.0,1742.0,387.0,,257.0,128.0,257.0,128.0,,0.0,0.0,49.0,99.0,0.0,0.0,0.0,2540.34375,,0.0,0.0,0.0,0.0,0.0,0.0,1814.53125,0.0,,0.0,0.0,0.0,0.0,0.0,20115.375,0.0,0.0,,0.0,388.0,0.0,1554.0,0.0,0.0,0.0,0.0,,96.0,192.0,0.0,96.0,0.0,0.0,0.0,0.0,
2,1442951545.651000,51.843750,1548.0,967.0,1935.0,580.0,,0.0,0.0,257.0,0.0,,0.0,49.0,0.0,49.0,0.0,2540.34375,0.0,0.0,,0.0,0.0,0.0,0.0,1814.53125,0.0,1814.53125,0.0,,0.0,0.0,0.0,0.0,20115.375,0.0,0.0,0.0,,0.0,777.0,388.0,1165.0,20115.375,0.0,20115.375,0.0,,0.0,96.0,96.0,0.0,0.0,0.0,0.0,0.0,
3,1442951545.976000,51.843750,2129.0,1548.0,2129.0,1742.0,,128.0,386.0,0.0,0.0,,49.0,49.0,0.0,198.0,0.0,0.0,0.0,0.0,,35.0,0.0,0.0,0.0,1814.53125,1814.53125,0.0,1814.53125,,0.0,0.0,388.0,388.0,0.0,0.0,0.0,0.0,,0.0,388.0,0.0,0.0,0.0,0.0,0.0,20115.375,,0.0,0.0,0.0,0.0,0.0,0.0,0.0,0.0,
4,1442951546.300000,51.843750,1161.0,0.0,1355.0,193.0,,128.0,0.0,128.0,128.0,,0.0,0.0,49.0,0.0,2540.34375,0.0,0.0,0.0,,0.0,0.0,0.0,35.0,0.0,3629.0625,0.0,0.0,,0.0,0.0,0.0,0.0,20115.375,0.0,0.0,0.0,,0.0,0.0,388.0,777.0,0.0,0.0,0.0,20115.375,,0.0,0.0,0.0,0.0,0.0,0.0,4977.0,0.0,
5,1442951546.625000,51.843750,967.0,1355.0,1161.0,1161.0,,257.0,257.0,257.0,257.0,,0.0,0.0,49.0,49.0,0.0,0.0,0.0,0.0,,70.0,0.0,35.0,0.0,1814.53125,1814.53125,0.0,1814.53125,,0.0,0.0,0.0,0.0,0.0,0.0,0.0,0.0,,388.0,388.0,777.0,0.0,0.0,0.0,20115.375,0.0,,0.0,0.0,289.0,0.0,0.0,0.0,0.0,0.0,
6,1442951546.950000,51.843750,1161.0,1161.0,967.0,1935.0,,386.0,0.0,0.0,257.0,,0.0,148.0,99.0,148.0,0.0,0.0,2540.34375,0.0,,0.0,0.0,0.0,0.0,1814.53125,1814.53125,0.0,1814.53125,,0.0,0.0,0.0,0.0,0.0,20115.375,0.0,20115.375,,0.0,388.0,0.0,777.0,0.0,0.0,20115.375,0.0,,0.0,0.0,192.0,192.0,0.0,0.0,0.0,0.0,
7,1442951547.274000,51.843750,1355.0,1161.0,774.0,774.0,,257.0,128.0,902.0,0.0,,0.0,99.0,49.0,0.0,0.0,0.0,0.0,2540.34375,,0.0,35.0,35.0,0.0,0.0,1814.53125,1814.53125,0.0,,0.0,0.0,0.0,0.0,0.0,0.0,20115.375,0.0,,777.0,1165.0,388.0,388.0,20115.375,0.0,0.0,0.0,,0.0,0.0,96.0,0.0,0.0,0.0,0.0,0.0,
8,1442951547.599000,51.843750,387.0,1935.0,967.0,580.0,,257.0,128.0,386.0,0.0,,148.0,0.0,0.0,0.0,0.0,2540.34375,0.0,2540.34375,,0.0,0.0,0.0,0.0,0.0,1814.53125,0.0,1814.53125,,0.0,0.0,0.0,388.0,0.0,0.0,20115.375,0.0,,0.0,0.0,0.0,388.0,0.0,0.0,0.0,20115.375,,0.0,0.0,0.0,96.0,0.0,0.0,0.0,0.0,
9,1442951547.924000,51.843750,1161.0,193.0,193.0,774.0,,0.0,515.0,257.0,128.0,,49.0,0.0,99.0,49.0,0.0,0.0,0.0,2540.34375,,0.0,0.0,0.0,35.0,0.0,1814.53125,0.0,1814.53125,,0.0,0.0,0.0,0.0,0.0,0.0,0.0,0.0,,0.0,388.0,0.0,0.0,0.0,0.0,20115.375,0.0,,0.0,0.0,0.0,0.0,0.0,0.0,0.0,0.0,
10,1442951548.248000,51.843750,967.0,774.0,967.0,580.0,,257.0,386.0,0.0,386.0,,99.0,0.0,0.0,148.0,0.0,0.0,2540.34375,0.0,,0.0,35.0,0.0,0.0,1814.53125,0.0,1814.53125,1814.53125,,0.0,0.0,0.0,0.0,0.0,0.0,0.0,0.0,,777.0,0.0,0.0,388.0,0.0,0.0,20115.375,0.0,,96.0,0.0,0.0,0.0,0.0,0.0,0.0,0.0,
11,1442951548.573000,51.843750,193.0,1161.0,967.0,774.0,,128.0,128.0,0.0,128.0,,248.0,49.0,0.0,99.0,2540.34375,0.0,0.0,0.0,,0.0,0.0,0.0,0.0,0.0,1814.53125,1814.53125,0.0,,0.0,0.0,0.0,0.0,0.0,0.0,0.0,0.0,,388.0,1554.0,0.0,2331.0,0.0,0.0,0.0,20115.375,,0.0,96.0,0.0,0.0,0.0,0.0,0.0,0.0,
12,1442951548.898000,51.843750,774.0,967.0,1161.0,1161.0,,515.0,128.0,773.0,386.0,,0.0,0.0,99.0,49.0,0.0,0.0,0.0,0.0,,0.0,0.0,35.0,141.0,1814.53125,1814.53125,0.0,1814.53125,,0.0,0.0,0.0,0.0,0.0,0.0,20115.375,0.0,,0.0,0.0,388.0,777.0,0.0,20115.375,0.0,20115.375,,0.0,0.0,0.0,0.0,0.0,0.0,0.0,0.0,
13,1442951549.222000,51.843750,1355.0,1742.0,1935.0,1355.0,,0.0,128.0,644.0,0.0,,0.0,49.0,0.0,99.0,0.0,0.0,0.0,0.0,,0.0,0.0,0.0,35.0,0.0,1814.53125,0.0,1814.53125,,0.0,0.0,0.0,0.0,0.0,0.0,0.0,0.0,,0.0,777.0,388.0,0.0,20115.375,0.0,20115.375,0.0,,0.0,0.0,0.0,0.0,0.0,0.0,0.0,0.0,
14,1442951549.547000,51.843750,1161.0,580.0,967.0,1161.0,,128.0,128.0,257.0,257.0,,148.0,148.0,0.0,49.0,0.0,0.0,0.0,0.0,,0.0,0.0,0.0,0.0,1814.53125,1814.53125,0.0,0.0,,0.0,0.0,0.0,0.0,20115.375,0.0,0.0,0.0,,388.0,0.0,0.0,777.0,0.0,0.0,0.0,0.0,,0.0,0.0,0.0,192.0,0.0,0.0,0.0,0.0,
15,1442951549.872000,51.843750,1161.0,774.0,967.0,774.0,,644.0,257.0,0.0,515.0,,0.0,99.0,0.0,49.0,0.0,0.0,0.0,0.0,,0.0,0.0,0.0,0.0,1814.53125,0.0,1814.53125,1814.53125,,0.0,0.0,0.0,0.0,0.0,0.0,0.0,0.0,,0.0,1554.0,388.0,0.0,0.0,0.0,0.0,0.0,,0.0,96.0,0.0,0.0,0.0,0.0,0.0,0.0,
16,1442951550.196000,51.843750,580.0,774.0,967.0,193.0,,0.0,128.0,644.0,0.0,,49.0,0.0,49.0,0.0,0.0,0.0,0.0,2540.34375,,0.0,70.0,0.0,0.0,1814.53125,0.0,1814.53125,0.0,,0.0,388.0,0.0,0.0,0.0,0.0,20115.375,0.0,,1165.0,0.0,777.0,0.0,0.0,0.0,0.0,0.0,,0.0,0.0,0.0,0.0,0.0,0.0,0.0,0.0,
17,1442951550.521000,51.843750,1742.0,967.0,580.0,2322.0,,0.0,257.0,128.0,128.0,,0.0,0.0,198.0,0.0,2540.34375,0.0,0.0,0.0,,0.0,0.0,0.0,0.0,1814.53125,1814.53125,0.0,0.0,,0.0,0.0,0.0,0.0,0.0,0.0,0.0,0.0,,0.0,0.0,388.0,0.0,0.0,0.0,0.0,0.0,,96.0,0.0,0.0,192.0,0.0,0.0,0.0,0.0,
18,1442951550.846000,51.843750,1742.0,774.0,1742.0,1161.0,,0.0,128.0,0.0,128.0,,148.0,99.0,99.0,0.0,0.0,2540.34375,0.0,0.0,,0.0,35.0,35.0,0.0,1814.53125,0.0,1814.53125,0.0,,0.0,0.0,0.0,0.0,0.0,20115.375,0.0,0.0,,388.0,777.0,1942.0,0.0,0.0,0.0,0.0,0.0,,0.0,0.0,0.0,0.0,0.0,0.0,0.0,0.0,
19,1442951551.170000,51.843750,967.0,1548.0,1935.0,193.0,,257.0,257.0,128.0,257.0,,99.0,198.0,148.0,0.0,0.0,0.0,2540.34375,0.0,,0.0,0.0,0.0,0.0,1814.53125,0.0,1814.53125,0.0,,0.0,0.0,0.0,0.0,20115.375,0.0,0.0,0.0,,1165.0,0.0,1165.0,0.0,20115.375,0.0,20115.375,0.0,,192.0,96.0,0.0,0.0,0.0,0.0,0.0,0.0,
20,1442951551.495000,51.843750,774.0,1161.0,1742.0,580.0,,644.0,515.0,515.0,386.0,,49.0,99.0,0.0,49.0,0.0,2540.34375,0.0,0.0,,0.0,0.0,141.0,528.0,1814.53125,0.0,1814.53125,1814.53125,,777.0,388.0,1554.0,5051.0,0.0,0.0,20115.375,0.0,,110212.0,157104.0,101234.0,128566.0,120847.78125,161130.375,100680.5625,120847.78125,,340200.0,299704.0,479936.0,336480.0,354974.15625,290013.9375,500032.96875,335014.3125,
21,1442951551.820000,51.843750,193.0,1355.0,1548.0,387.0,,257.0,0.0,128.0,257.0,,22630.0,22878.0,17318.0,20842.0,20530.125,23122.3125,17989.78125,23122.3125,,987.0,1269.0,1128.0,1515.0,0.0,3629.0625,1814.53125,1814.53125,,7382.0,6994.0,7382.0,3885.0,20115.375,0.0,0.0,0.0,,356696.0,310968.0,388680.0,354328.0,342376.125,322260.75,402825.9375,342376.125,,1049408.0,965584.0,1014112.0,1023792.0,1100072.53125,1015048.78125,1005042.9375,1045066.3125,
22,1442951552.144000,51.843750,580.0,967.0,1161.0,774.0,,257.0,128.0,128.0,128.0,,42649.0,37133.0,42301.0,38425.0,43704.28125,33387.375,43704.28125,35979.5625,,2185.0,2502.0,2502.0,2502.0,1814.53125,3629.0625,3629.0625,1814.53125,,11658.0,9714.0,11658.0,16322.0,20115.375,20115.375,20115.375,20115.375,,598688.0,446448.0,512704.0,368936.0,604238.90625,422941.3125,523673.71875,362543.34375,,1104288.0,1200224.0,1193312.0,1129920.0,1105049.53125,1220038.96875,1210084.96875,1120032.375,
23,1442951552.469000,51.843750,774.0,2516.0,580.0,387.0,,644.0,644.0,0.0,128.0,,41207.0,43493.0,40412.0,47519.0,43704.28125,43704.28125,41112.09375,43704.28125,,1797.0,2009.0,2397.0,3278.0,3629.0625,1814.53125,3629.0625,3629.0625,,12435.0,15545.0,8937.0,10880.0,20115.375,20115.375,20115.375,0.0,,497616.0,530192.0,416760.0,614640.0,503506.5,503506.5,443108.53125,624354.28125,,1347328.0,1267680.0,1469408.0,1333920.0,1395063.46875,1260062.34375,1500098.90625,1330051.40625,
24,1442951552.794000,51.203125,1742.0,387.0,1355.0,967.0,,257.0,128.0,0.0,257.0,,43941.0,44239.0,58905.0,62685.0,43164.234375,43164.234375,58371.5625,63491.875,,3067.0,2467.0,2573.0,3137.0,3584.21875,1792.109375,3584.21875,5376.328125,,6994.0,12046.0,11269.0,10491.0,0.0,19866.8125,0.0,19866.8125,,469440.0,478168.0,661776.0,551680.0,497284.75,497284.75,656424.0625,537069.578125,,1340992.0,1456672.0,1500160.0,1282272.0,1333380.57812,1466713.51562,1496360.125,1269171.85938,
25,1442951553.118000,51.843750,967.0,387.0,580.0,1548.0,,0.0,128.0,128.0,0.0,,47072.0,47967.0,49359.0,51844.0,51429.0,48836.8125,51429.0,51429.0,,2361.0,2749.0,2679.0,3313.0,1814.53125,3629.0625,3629.0625,3629.0625,,6994.0,12435.0,11658.0,11658.0,20115.375,20115.375,0.0,20115.375,,593904.0,622624.0,646192.0,523040.0,604238.90625,644521.5,624354.28125,543789.09375,,1384864.0,1493984.0,1403104.0,1497408.0,1450069.6875,1555105.125,1400092.3125,1525087.59375,
26,1442951553.443000,51.328125,774.0,774.0,1742.0,387.0,,128.0,257.0,0.0,644.0,,54728.0,56170.0,53386.0,46525.0,55998.984375,58514.0625,53432.578125,43269.609375,,2185.0,3031.0,3490.0,3384.0,5389.453125,1796.484375,3592.96875,3592.96875,,12824.0,13212.0,10491.0,9325.0,19915.3125,19915.3125,19915.3125,0.0,,501192.0,605472.0,512704.0,763184.0,498498.75,598229.296875,478583.4375,757757.109375,,1433984.0,1575232.0,1732672.0,1565728.0,1425741.32812,1559399.76562,1762402.5,1549544.76562,
27,1442951553.768000,52.125000,1935.0,1742.0,774.0,1161.0,,644.0,128.0,386.0,515.0,,42996.0,48166.0,54082.0,50850.0,43941.375,46495.5,54262.125,49101.75,,1551.0,2890.0,2538.0,2432.0,1824.375,3648.75,3648.75,1824.375,,6216.0,1942.0,13990.0,12435.0,20224.5,20224.5,20224.5,0.0,,518272.0,696992.0,402912.0,554064.0,526514.625,708743.625,405011.25,567015.75,,1087200.0,1204288.0,1324224.0,1285632.0,1090924.125,1206589.5,1317198.75,1276958.25,
28,1442951554.092000,51.843750,774.0,2129.0,1548.0,774.0,,0.0,257.0,257.0,257.0,,41605.0,43643.0,45382.0,47519.0,43704.28125,43704.28125,46244.625,46244.625,,2185.0,2714.0,2643.0,2714.0,1814.53125,3629.0625,3629.0625,3629.0625,,11658.0,7771.0,8548.0,20211.0,20115.375,0.0,20115.375,20115.375,,507944.0,553664.0,397776.0,633808.0,523673.71875,563956.3125,402825.9375,624354.28125,,1316160.0,1178496.0,1093792.0,1015632.0,1320045.5625,1145072.90625,1105049.53125,1025054.625,
29,1442951554.417000,51.843750,580.0,580.0,1355.0,1935.0,,257.0,0.0,0.0,0.0,,45631.0,45829.0,43792.0,46873.0,46244.625,43704.28125,46244.625,46244.625,,2326.0,2890.0,1762.0,2079.0,1814.53125,5443.59375,1814.53125,1814.53125,,8548.0,11269.0,12435.0,15156.0,20115.375,0.0,40282.59375,0.0,,515088.0,421112.0,478960.0,610656.0,523673.71875,422941.3125,483391.125,604238.90625,,1264640.0,1518304.0,1496480.0,1449600.0,1270068.1875,1525087.59375,1510104.75,1460075.53125,
30,1442951554.742000,51.843750,774.0,193.0,387.0,1161.0,,386.0,515.0,128.0,257.0,,48215.0,55126.0,45879.0,48812.0,46244.625,53969.34375,46244.625,48836.8125,,2502.0,2890.0,2608.0,3349.0,1814.53125,3629.0625,1814.53125,5443.59375,,10491.0,12435.0,16711.0,11658.0,20115.375,0.0,20115.375,20115.375,,596288.0,528208.0,434176.0,805392.0,604238.90625,543789.09375,443108.53125,825767.25,,1229408.0,1546112.0,1419200.0,1570560.0,1230044.8125,1540070.4375,1430058.0,1600105.5,
31,1442951555.066000,52.218750,774.0,1548.0,387.0,580.0,,773.0,128.0,386.0,515.0,,45680.0,53883.0,56220.0,55673.0,49190.0625,56970.65625,54359.71875,54359.71875,,2538.0,2502.0,2608.0,2679.0,3655.3125,1827.65625,3655.3125,3655.3125,,17489.0,10103.0,19044.0,6605.0,20260.875,20260.875,20260.875,0.0,,515888.0,514296.0,711024.0,614640.0,527461.59375,527461.59375,730331.4375,608609.53125,,1294720.0,1257216.0,1265440.0,1242752.0,1309489.59375,1264163.71875,1274241.9375,1274241.9375,
32,1442951555.391000,51.843750,580.0,774.0,1548.0,1742.0,,0.0,0.0,0.0,128.0,,42301.0,43841.0,49011.0,42450.0,43704.28125,43704.28125,51429.0,43704.28125,,2079.0,2291.0,2890.0,2961.0,3629.0625,1814.53125,3629.0625,3629.0625,,10880.0,10880.0,15156.0,11658.0,20115.375,20115.375,20115.375,0.0,,462704.0,466272.0,501984.0,402120.0,463223.90625,483391.125,503506.5,382658.71875,,1410592.0,1142176.0,1376576.0,1071552.0,1425081.0,1135067.0625,1360068.9375,1060049.15625,
33,1442951555.716000,51.843750,580.0,1161.0,774.0,967.0,,386.0,0.0,128.0,902.0,,47370.0,40263.0,44984.0,50055.0,48836.8125,41112.09375,43704.28125,46244.625,,2256.0,3349.0,3278.0,2749.0,1814.53125,3629.0625,5443.59375,1814.53125,,9714.0,15156.0,15934.0,7382.0,0.0,20115.375,20115.375,20115.375,,600272.0,666576.0,548880.0,575568.0,624354.28125,664636.875,563956.3125,563956.3125,,1163584.0,1513248.0,1239680.0,1488032.0,1160055.75,1545099.28125,1215061.96875,1520058.75,
34,1442951556.040000,51.734375,774.0,1935.0,967.0,1161.0,,128.0,257.0,128.0,386.0,,51496.0,52590.0,56120.0,53734.0,53855.484375,51320.5,56442.203125,51320.5,,2820.0,3137.0,3595.0,2855.0,3621.40625,1810.703125,5432.109375,3621.40625,,10491.0,25266.0,13990.0,6216.0,20072.9375,20072.9375,20072.9375,0.0,,445656.0,519864.0,727456.0,568400.0,462246.640625,542641.859375,723556.96875,562766.53125,,1164096.0,1189472.0,1496160.0,1553248.0,1137638.90625,1197547.3125,1521870.10938,1586745.01562,
35,1442951556.365000,52.109375,193.0,967.0,774.0,1548.0,,257.0,128.0,257.0,257.0,,45581.0,49856.0,55623.0,54827.0,51692.5,54245.859375,54245.859375,54245.859375,,2256.0,3172.0,2961.0,3278.0,3647.65625,3647.65625,1823.828125,5471.484375,,14379.0,15934.0,15934.0,13212.0,20218.4375,20218.4375,20218.4375,0.0,,656576.0,675376.0,630208.0,552064.0,668042.1875,688312.734375,607334.765625,587064.21875,,1233088.0,1323104.0,1425152.0,1631552.0,1241401.64062,1326808.90625,1407265.78125,1653534.6875,
36,1442951556.690000,51.406250,387.0,1355.0,2129.0,1548.0,,128.0,0.0,128.0,257.0,,58209.0,55971.0,53932.0,59203.0,56084.21875,56084.21875,56084.21875,58603.125,,2573.0,2890.0,2714.0,3807.0,3598.4375,1799.21875,3598.4375,5397.65625,,10880.0,13212.0,17100.0,10880.0,0.0,19945.625,19945.625,19945.625,,528608.0,761168.0,478960.0,691392.0,539200.15625,758910.46875,459314.84375,698970.78125,,1328416.0,1532608.0,1320832.0,1846688.0,1338670.15625,1551903.28125,1299035.9375,1854326.25,
37,1442951557.014000,51.062500,1548.0,1161.0,774.0,774.0,,644.0,386.0,257.0,128.0,,59253.0,53982.0,53087.0,56468.0,60764.375,53156.0625,53156.0625,55709.1875,,3031.0,3278.0,3772.0,3560.0,3574.375,3574.375,3574.375,3574.375,,14379.0,12046.0,13990.0,15934.0,19812.25,0.0,19812.25,19812.25,,655376.0,746320.0,853728.0,808608.0,654621.25,753835.6875,833186.8125,852999.0625,,1466528.0,1596096.0,1366144.0,1506144.0,1452830.25,1575993.0,1354330.6875,1487348.5,
38,1442951557.339000,51.593750,1161.0,967.0,1742.0,1935.0,,0.0,257.0,0.0,0.0,,52391.0,55325.0,54181.0,53187.0,53709.09375,53709.09375,53709.09375,53709.09375,,3278.0,3384.0,2361.0,3419.0,1805.78125,5417.34375,1805.78125,5417.34375,,11269.0,13212.0,13601.0,17878.0,20018.375,0.0,20018.375,20018.375,,837200.0,763984.0,670576.0,883584.0,861873.59375,761678.53125,701520.21875,861873.59375,,1426400.0,1660864.0,1617376.0,1717824.0,1418209.0,1637172.875,1612304.6875,1691913.84375,
39,1442951557.664000,51.437500,967.0,967.0,1355.0,1742.0,,257.0,515.0,257.0,128.0,,52292.0,53485.0,55822.0,63580.0,53546.4375,56118.3125,56118.3125,61210.625,,2961.0,2502.0,3842.0,3631.0,3600.625,3600.625,3600.625,3600.625,,16322.0,7382.0,14379.0,17100.0,0.0,19957.75,19957.75,19957.75,,689792.0,947472.0,896112.0,878736.0,659428.75,979164.25,899230.375,859263.4375,,1666368.0,1426592.0,1526848.0,1737984.0,1661945.625,1384131.6875,1508147.5,1711582.8125,
40,1442951557.988000,51.656250,387.0,1161.0,580.0,967.0,,386.0,644.0,773.0,515.0,,62387.0,62287.0,63879.0,60148.0,64053.75,64053.75,66584.90625,58888.125,,2855.0,2926.0,3666.0,3631.0,3615.9375,3615.9375,3615.9375,5423.90625,,18266.0,16322.0,20211.0,10880.0,20042.625,20042.625,20042.625,20042.625,,790912.0,851312.0,943008.0,928848.0,802738.125,862917.65625,883011.9375,903054.5625,,1669056.0,1439008.0,1804832.0,1662944.0,1659095.4375,1439866.3125,1813547.625,1649125.78125,
41,1442951558.313000,51.656250,1355.0,193.0,1161.0,967.0,,128.0,257.0,0.0,128.0,,61442.0,64376.0,67360.0,59005.0,58888.125,69167.71875,66584.90625,58888.125,,3031.0,3666.0,3595.0,3490.0,3615.9375,3615.9375,3615.9375,5423.90625,,19822.0,19822.0,20599.0,17878.0,20042.625,20042.625,20042.625,20042.625,,1139360.0,1269120.0,1063136.0,1109984.0,1204107.1875,1244244.09375,1023465.28125,1123833.375,,1645728.0,1947680.0,1878656.0,1976864.0,1644115.125,1933080.1875,1848415.59375,1977917.8125,
42,1442951558.638000,51.796875,1548.0,774.0,967.0,580.0,,128.0,902.0,128.0,0.0,,58855.0,61292.0,65868.0,58557.0,59048.4375,59048.4375,64228.125,59048.4375,,3031.0,3278.0,3631.0,3913.0,3625.78125,3625.78125,5438.671875,3625.78125,,29156.0,16711.0,20599.0,18655.0,40246.171875,0.0,20097.1875,20097.1875,,1268704.0,1146688.0,1137696.0,1243680.0,1287877.5,1167138.98438,1126892.8125,1247631.32812,,1897792.0,1814528.0,2007872.0,2000384.0,1888410.46875,1828429.6875,2043283.125,2003295.9375,
43,1442951558.962000,52.281250,774.0,967.0,1161.0,2322.0,,386.0,128.0,0.0,0.0,,65023.0,64078.0,76914.0,78756.0,64828.75,64828.75,77794.5,77794.5,,2890.0,3736.0,3031.0,3877.0,1829.84375,5489.53125,3659.6875,3659.6875,,21766.0,17100.0,13990.0,20211.0,20285.125,20285.125,0.0,40622.53125,,995696.0,983936.0,801360.0,1126272.0,1035848.40625,954603.34375,792113.21875,1117093.46875,,1996416.0,1900512.0,2060064.0,2354944.0,2006920.34375,1911088.8125,2132970.4375,2380051.625,
44,1442951559.287000,51.531250,580.0,193.0,967.0,387.0,,128.0,773.0,0.0,128.0,,74128.0,72138.0,78606.0,73530.0,76678.5,74101.9375,76678.5,71525.375,,4336.0,4900.0,4477.0,4018.0,5410.78125,5410.78125,3607.1875,5410.78125,,22933.0,29934.0,22155.0,31101.0,19994.125,40039.78125,19994.125,40039.78125,,1337344.0,1569888.0,1274848.0,1252288.0,1321312.78125,1561551.46875,1261227.34375,1281273.0,,1982432.0,2062176.0,2074304.0,2261184.0,1968184.5625,2042750.28125,2057642.8125,2301179.5,
45,1442951559.612000,51.796875,1161.0,1161.0,1548.0,2903.0,,515.0,128.0,773.0,257.0,,74924.0,72934.0,81942.0,69600.0,74483.90625,69356.015625,84739.6875,69356.015625,,3877.0,3772.0,3983.0,3490.0,3625.78125,5438.671875,3625.78125,5438.671875,,19044.0,23321.0,19044.0,24877.0,40246.171875,20097.1875,20097.1875,20097.1875,,986768.0,1288832.0,1265408.0,1065152.0,1006154.29688,1287877.5,1247631.32812,1086646.64062,,1950208.0,1896128.0,2149824.0,1950208.0,1953363.75,1868416.875,2153196.09375,1968333.04688,
46,1442951559.936000,51.656250,1355.0,1355.0,1355.0,1161.0,,644.0,0.0,386.0,0.0,,67360.0,72784.0,69002.0,73830.0,69167.71875,71698.875,71698.875,69167.71875,,3631.0,4371.0,4018.0,4442.0,1807.96875,7283.53125,5423.90625,3615.9375,,27600.0,24877.0,16322.0,19822.0,40136.90625,20042.625,20042.625,0.0,,1309376.0,1212928.0,1138528.0,1350112.0,1304423.625,1224149.8125,1163970.28125,1344560.53125,,2186560.0,2106816.0,2097728.0,2050496.0,2192187.9375,2087532.375,2107471.6875,2042694.75,
47,1442951560.261000,51.390625,1355.0,967.0,1161.0,774.0,,128.0,257.0,257.0,515.0,,63033.0,73182.0,80000.0,83486.0,61154.84375,73899.71875,81556.921875,81556.921875,,4265.0,3807.0,3913.0,4900.0,5396.015625,3597.34375,3597.34375,7246.078125,,20211.0,27211.0,27989.0,27600.0,19939.5625,39930.515625,19939.5625,39930.515625,,1177344.0,1226464.0,1055808.0,1370304.0,1217855.03125,1197915.46875,1058132.96875,1377577.09375,,1781792.0,2080544.0,2130432.0,2472512.0,1759563.60938,2096634.71875,2151160.17188,2458476.10938,
48,1442951560.586000,51.593750,1161.0,1161.0,774.0,387.0,,0.0,128.0,0.0,386.0,,77214.0,85428.0,81792.0,81444.0,76771.5,84407.375,81879.28125,79299.59375,,4442.0,3948.0,5358.0,3772.0,5417.34375,5417.34375,5417.34375,3611.5625,,17878.0,24488.0,25266.0,24488.0,40088.34375,20018.375,40088.34375,0.0,,1292096.0,1861472.0,1563232.0,1659872.0,1302845.375,1884152.15625,1603533.75,1703728.8125,,2282304.0,2576128.0,2644288.0,2241600.0,2264191.71875,2577675.34375,2607548.125,2214403.75,
49,1442951560.910000,51.750000,2516.0,1161.0,1161.0,967.0,,257.0,257.0,0.0,257.0,,81494.0,81294.0,85178.0,87320.0,79539.75,82127.25,82127.25,89838.0,,3948.0,4336.0,4230.0,5147.0,3622.5,5433.75,5433.75,5433.75,,24488.0,20988.0,22155.0,32268.0,40209.75,20079.0,0.0,60288.75,,1614400.0,1716288.0,1903200.0,1905312.0,1628469.0,1749098.25,1869727.5,1909937.25,,2346880.0,2597376.0,2480576.0,2669120.0,2315967.75,2625432.75,2490624.0,2680287.75,
50,1442951561.235000,51.984375,1161.0,774.0,1355.0,1355.0,,257.0,902.0,128.0,128.0,,87768.0,82788.0,89610.0,98626.0,87645.65625,82499.203125,87645.65625,97938.5625,,4336.0,3877.0,4124.0,4829.0,5458.359375,5458.359375,3638.90625,5458.359375,,31879.0,34991.0,27600.0,32657.0,20169.9375,60561.796875,20169.9375,20169.9375,,1519616.0,1491840.0,1714176.0,1723392.0,1534890.65625,1514668.73438,1736849.95312,1716628.03125,,2790336.0,2504512.0,1992928.0,2424640.0,2797747.07812,2511936.98438,1985491.21875,2411659.125,
51,1442951561.560000,51.843750,967.0,1548.0,580.0,0.0,,386.0,386.0,386.0,257.0,,85328.0,95288.0,83486.0,89360.0,87408.5625,97673.625,82276.03125,84816.375,,4230.0,4583.0,4970.0,5006.0,3629.0625,3629.0625,7309.96875,5443.59375,,25655.0,30712.0,30712.0,34213.0,40282.59375,20115.375,40282.59375,40282.59375,,1553664.0,1631904.0,1596928.0,1674464.0,1631419.125,1611303.75,1591136.53125,1691868.9375,,2579328.0,912624.0*,0.0*,0.0*,2565176.90625,2650148.8125,2910197.0625,2910197.0625,
52,1442951561.884000,52.015625,2516.0,1935.0,774.0,1161.0,,773.0,128.0,128.0,386.0,,87618.0,96632.0,97928.0,100468.0,87698.34375,92847.890625,97997.4375,100598.21875,,3877.0,5076.0,5817.0,4829.0,3641.09375,7334.203125,3641.09375,7334.203125,,31101.0,28378.0,37326.0,33435.0,40416.140625,20182.0625,40416.140625,40416.140625,,1590272.0,1753120.0,1518784.0,1549920.0,1657061.76562,1697477.90625,1555995.40625,1555995.40625,,2397056.0,2324032.0,2800832.0,2797824.0,2383043.84375,2337842.26562,2789389.90625,2809467.9375,
53,1442951562.209000,52.062500,1161.0,1355.0,580.0,2129.0,,386.0,644.0,0.0,0.0,,94840.0,88564.0,92896.0,96034.0,92931.5625,87777.375,95534.6875,92931.5625,,5041.0,3560.0,5323.0,5887.0,5466.5625,3644.375,7340.8125,5466.5625,,28378.0,29156.0,24877.0,40829.0,40452.5625,20200.25,20200.25,60652.8125,,1704992.0,1925568.0,1966528.0,1739712.0,1719207.875,2002375.8125,1901270.4375,1759660.4375,,2599936.0,2405056.0,2713280.0,2651520.0,2631238.75,2380141.3125,2731667.3125,2646284.8125,
54,1442951562.534000,52.046875,1548.0,967.0,580.0,774.0,,386.0,773.0,0.0,515.0,,93046.0,91602.0,100918.0,106796.0,92903.671875,90353.375,100658.65625,100658.65625,,4195.0,5464.0,5499.0,5993.0,3643.28125,7338.609375,5464.921875,5464.921875,,35770.0,24877.0,29934.0,29545.0,40440.421875,40440.421875,20194.1875,40440.421875,,1716704.0,2174208.0,2206208.0,1975840.0,1738938.14062,2284857.8125,2244417.39062,1961334.4375,,2640960.0,2574592.0,2755136.0,2865536.0,2625400.51562,2565182.28125,2781020.67188,2866377.54688,
55,1442951562.858000,51.890625,1161.0,967.0,1355.0,2710.0,,257.0,0.0,386.0,257.0,,108492.0,103856.0,105102.0,109588.0,110630.8125,102951.0,102951.0,108088.171875,,5076.0,5922.0,6240.0,7791.0,5448.515625,5448.515625,5448.515625,9132.75,,29934.0,34213.0,36548.0,34213.0,20133.5625,40319.015625,40319.015625,40319.015625,,2033024.0,2105216.0,2381952.0,2104320.0,2076403.35938,2076403.35938,2419140.9375,2116722.375,,753200.0*,3037120.0*,3144832.0,3366016.0,2882783.67188,3042918.14062,3123037.26562,3373253.85938,
56,1442951563.183000,52.062500,774.0,193.0,193.0,1548.0,,128.0,0.0,257.0,257.0,,102710.0,108840.0,113276.0,123848.0,105843.0625,108446.1875,108446.1875,126511.875,,5887.0,6205.0,4759.0,7227.0,5466.5625,7340.8125,5466.5625,7340.8125,,43164.0,35381.0,43164.0,45110.0,40452.5625,60652.8125,20200.25,60652.8125,,2187008.0,2336832.0,2034304.0,2500160.0,2143985.8125,2406901.4375,2002375.8125,2508058.875,,3123968.0,3236160.0,3251456.0,244068.0*,3118283.4375,3223762.0625,3248856.1875,3560137.875,
57,1442951563.508000,51.875000,580.0*,1355.0,1548.0,1355.0,,257.0,0.0,0.0,128.0,,105600.0,103258.0,91004.0,102512.0,102920.0,102920.0,90055.0,102920.0,,4583.0,5676.0,4195.0,3948.0,3631.25,7314.375,5446.875,3631.25,,18655.0,20988.0,32657.0,27600.0,20127.5,20127.5,40306.875,40306.875,,1580288.0,1666944.0,1676992.0,1754368.0,1632402.5,1632402.5,1733195.625,1753323.125,,1887968.0,2010176.0,1971072.0,1662432.0,1866255.0,2011349.375,1991325.625,1646097.5,
58,1442951563.832000,51.296875,1935.0,1161.0,1161.0,580.0,,128.0,257.0,386.0,257.0,,54778.0,52192.0,48812.0,61193.0,55964.890625,53400.046875,48321.65625,61043.28125,,2361.0,3208.0,1833.0,2115.0,1795.390625,5386.171875,1795.390625,3590.78125,,17489.0,23321.0,11269.0,18655.0,19903.1875,39857.671875,0.0,19903.1875,,1067200.0,944224.0,783264.0,811824.0,1036299.46875,956584.125,777198.953125,817056.625,,1040032.0,919456.0,996080.0,1199712.0,1029066.60938,900465.34375,1004341.51562,1187420.0625,
59,1442951564.157000,51.843750,387.0,1935.0,580.0,1548.0,,257.0,515.0,128.0,257.0,,26751.0,28738.0,28390.0,30675.0,28254.84375,30847.03125,28254.84375,30847.03125,,1727.0,1269.0,1057.0,1128.0,1814.53125,1814.53125,1814.53125,1814.53125,,6216.0,7771.0,10880.0,8548.0,20115.375,0.0,20115.375,20115.375,,467064.0,347232.0,420712.0,435760.0,463223.90625,342376.125,443108.53125,422941.3125,,465360.0,607440.0,664768.0,495008.0,455032.59375,600039.5625,680034.46875,480021.28125,
60,1442951564.482000,51.843750,774.0,1935.0,967.0,580.0,,128.0,515.0,128.0,128.0,,14985.0,13247.0,13644.0,14439.0,17989.78125,12857.25,12857.25,15397.59375,,705.0,564.0,881.0,881.0,1814.53125,1814.53125,0.0,1814.53125,,5051.0,3108.0,3496.0,3108.0,0.0,0.0,20115.375,0.0,,158668.0,207232.0,184504.0,229196.0,161130.375,221528.34375,181245.75,221528.34375,,255964.0,318080.0,373312.0,299896.0,249990.5625,335014.3125,370008.84375,300019.78125,
61,1442951564.806000,51.843750,580.0,967.0,1161.0,580.0,,128.0,386.0,128.0,386.0,,8037.0,8682.0,8781.0,7590.0,7672.875,7672.875,10265.0625,7672.875,,176.0,564.0,423.0,141.0,1814.53125,0.0,1814.53125,1814.53125,,2719.0,2331.0,2331.0,3108.0,0.0,20115.375,0.0,20115.375,,107478.0,94992.0,100064.0,316480.0,120847.78125,100680.5625,80565.1875,322260.75,,136984.0,133296.0,184676.0,185940.0,129972.28125,129972.28125,184978.5,180001.5,
62,1442951565.131000,51.843750,774.0,2129.0,580.0,580.0,,128.0,0.0,644.0,128.0,,4563.0,3670.0,4712.0,4812.0,2540.34375,5132.53125,2540.34375,5132.53125,,458.0,387.0,669.0,141.0,0.0,1814.53125,1814.53125,0.0,,388.0,1554.0,3108.0,777.0,0.0,0.0,0.0,20115.375,,71596.0,49393.0,33046.0,38883.0,80565.1875,40282.59375,40282.59375,40282.59375,,54463.0,126896.0,92586.0,66938.0,54954.375,124995.28125,90000.75,64960.21875,
63,1442951565.456000,51.843750,1355.0,774.0,387.0,2903.0,,0.0,128.0,128.0,902.0,,1438.0,3571.0,3174.0,2529.0,0.0,2540.34375,2540.34375,5132.53125,,141.0,141.0,176.0,105.0,0.0,1814.53125,1814.53125,0.0,,1942.0,388.0,0.0,3108.0,20115.375,0.0,0.0,20115.375,,49393.0,13601.0,16711.0,30712.0,60397.96875,20115.375,0.0,40282.59375,,43927.0,72258.0,37453.0,50983.0,34994.53125,74966.0625,29965.6875,54954.375,
64,1442951565.780000,51.843750,2516.0,387.0,1355.0,774.0,,257.0,257.0,515.0,644.0,,1140.0,1388.0,1587.0,694.0,0.0,2540.34375,0.0,2540.34375,,70.0,105.0,0.0,0.0,1814.53125,0.0,1814.53125,0.0,,388.0,777.0,0.0,388.0,0.0,20115.375,0.0,0.0,,12046.0,20211.0,3885.0,26433.0,0.0,40282.59375,0.0,40282.59375,,14761.0,13410.0,21132.0,17174.0,14982.84375,9954.0,14982.84375,9954.0,
65,1442951566.105000,51.843750,1161.0,967.0,193.0,580.0,,386.0,257.0,257.0,0.0,,496.0,843.0,744.0,496.0,2540.34375,0.0,0.0,2540.34375,,35.0,0.0,70.0,70.0,0.0,1814.53125,1814.53125,1814.53125,,0.0,0.0,0.0,388.0,0.0,0.0,0.0,0.0,,1554.0,1554.0,3496.0,7382.0,20115.375,0.0,0.0,20115.375,,23546.0,2893.0,57557.0,15630.0,24988.6875,0.0,59983.21875,14982.84375,
66,1442951566.430000,51.843750,967.0,967.0,1161.0,580.0,,0.0,0.0,644.0,0.0,,347.0,793.0,1240.0,248.0,0.0,0.0,2540.34375,0.0,,70.0,35.0,70.0,0.0,0.0,0.0,1814.53125,1814.53125,,0.0,777.0,777.0,0.0,0.0,0.0,0.0,0.0,,3885.0,1165.0,22155.0,1554.0,0.0,20115.375,20115.375,0.0,,2122.0,10708.0,30305.0,23449.0,0.0,14982.84375,24988.6875,19959.84375,
67,1442951566.754000,51.843750,774.0,580.0,580.0,774.0,,128.0,386.0,386.0,128.0,,793.0,99.0,694.0,198.0,0.0,0.0,0.0,2540.34375,,0.0,0.0,70.0,0.0,0.0,1814.53125,1814.53125,0.0,,0.0,0.0,777.0,0.0,0.0,0.0,0.0,20115.375,,1554.0,777.0,3108.0,0.0,20115.375,0.0,0.0,0.0,,4630.0,6077.0,578.0,3761.0,4977.0,4977.0,0.0,4977.0,
68,1442951567.079000,51.843750,580.0,967.0,774.0,1548.0,,515.0,644.0,128.0,773.0,,49.0,99.0,49.0,248.0,0.0,2540.34375,0.0,0.0,,35.0,0.0,35.0,0.0,1814.53125,0.0,1814.53125,0.0,,388.0,0.0,0.0,0.0,20115.375,0.0,0.0,0.0,,777.0,0.0,1942.0,388.0,0.0,0.0,0.0,0.0,,771.0,1060.0,771.0,385.0,0.0,0.0,0.0,0.0,
69,1442951567.404000,51.843750,1742.0,580.0,0.0,580.0,,515.0,257.0,128.0,128.0,,49.0,49.0,248.0,148.0,0.0,0.0,0.0,2540.34375,,35.0,35.0,105.0,0.0,1814.53125,1814.53125,1814.53125,0.0,,0.0,0.0,0.0,0.0,0.0,20115.375,0.0,0.0,,0.0,0.0,1165.0,0.0,20115.375,0.0,0.0,0.0,,2990.0,4437.0,1543.0,0.0,0.0,4977.0,0.0,0.0,
70,1442951567.728000,51.843750,774.0,580.0,1548.0,774.0,,257.0,128.0,128.0,644.0,,248.0,148.0,0.0,49.0,0.0,2540.34375,0.0,2540.34375,,0.0,0.0,0.0,0.0,0.0,1814.53125,0.0,1814.53125,,0.0,0.0,0.0,0.0,20115.375,0.0,0.0,20115.375,,0.0,12046.0,777.0,0.0,0.0,0.0,0.0,0.0,,0.0,1446.0,2025.0,4533.0,0.0,0.0,0.0,0.0,
71,1442951568.053000,51.843750,774.0,1355.0,774.0,1161.0,,257.0,0.0,0.0,128.0,,49.0,99.0,49.0,148.0,2540.34375,0.0,0.0,0.0,,0.0,70.0,0.0,35.0,0.0,0.0,1814.53125,1814.53125,,0.0,0.0,0.0,0.0,0.0,0.0,0.0,0.0,,777.0,0.0,0.0,1165.0,0.0,0.0,0.0,0.0,,192.0,0.0,192.0,0.0,0.0,0.0,0.0,0.0,
72,1442951568.378000,51.843750,0.0,774.0,967.0,967.0,,128.0,0.0,0.0,128.0,,0.0,49.0,99.0,0.0,0.0,0.0,0.0,0.0,,0.0,0.0,0.0,0.0,1814.53125,0.0,1814.53125,1814.53125,,388.0,0.0,0.0,0.0,0.0,0.0,0.0,0.0,,1165.0,0.0,0.0,0.0,0.0,0.0,0.0,0.0,,2314.0,96.0,0.0,868.0,0.0,0.0,0.0,0.0,
73,1442951568.702000,51.843750,774.0,387.0,774.0,1548.0,,257.0,128.0,0.0,128.0,,99.0,0.0,99.0,0.0,0.0,0.0,0.0,2540.34375,,0.0,35.0,0.0,35.0,0.0,1814.53125,0.0,1814.53125,,0.0,0.0,0.0,0.0,0.0,0.0,0.0,0.0,,3108.0,1554.0,0.0,0.0,20115.375,0.0,0.0,0.0,,192.0,96.0,0.0,8006.0,0.0,0.0,0.0,4977.0,
